"SIC","Section"
"01","Agriculture"
"02","Agriculture"
"07","Agriculture"
"08","Agriculture"
"09","Agriculture"
"10","Mining"
"12","Mining"
"13","Mining"
"14","Mining"
"15","Construction"
"16","Construction"
"17","Construction"
"20","Manufacturing"
"21","Manufacturing"
"22","Manufacturing"
"23","Manufacturing"
"24","Manufacturing"
"25","Manufacturing"
"26","Manufacturing"
"27","Information"
"28","Manufacturing"
"29","Manufacturing"
"30","Manufacturing"
"31","Manufacturing"
"32","Manufacturing"
"33","Manufacturing"
"34","Manufacturing"
"35","Manufacturing"
"36","Manufacturing"
"37","Manufacturing"
"38","Manufacturing"
"39","Manufacturing"
"40","Transportation & Utilities"
"41","Transportation & Utilities"
"42","Transportation & Utilities"
"43","Transportation & Utilities"
"44","Transportation & Utilities"
"45","Transportation & Utilities"
"46","Transportation & Utilities"
"47","Transportation & Utilities"
"48","Information"
"49","Transportation & Utilities"
"50","Wholesale & Retail"
"51","Wholesale & Retail"
"52","Wholesale & Retail"
"53","Wholesale & Retail"
"54","Wholesale & Retail"
"55","Wholesale & Retail"
"56","Wholesale & Retail"
"57","Wholesale & Retail"
"58","Leisure & Hospitality"
"59","Wholesale & Retail"
"60","Finance"
"61","Finance"
"62","Finance"
"63","Finance"
"64","Finance"
"65","Professional & Business Services"
"67","Finance"
"70","Leisure & Hospitality"
"72","Other Services"
"73","Professional & Business Services"
"75","Other Services"
"76","Other Services"
"78","Information"
"79","Leisure & Hospitality"
"80","Education & Health Services"
"81","Professional & Business Services"
"82","Education & Health Services"
"83","Education & Health Services"
"84","Leisure & Hospitality"
"86","Other Services"
"87","Professional & Business Services"
"88","Other Services"
"89","Information"
"89","Professional & Business Services"
"91","Public Administration"
"92","Public Administration"
"93","Public Administration"
"94","Public Administration"
"95","Public Administration"
"96","Public Administration"
"97","Public Administration"
NA,"Professional & Business Services"
